period_start,symbol,status,baseline_signal,passed_quality_filter,filter_reasons,failed_reasons,return_15d,return_30d,return_to_current,benchmark_return_to_current,elapsed_seconds,error_message
2024-01-01,A1CAP,completed,1,1,"volume_spike_strict,min_last_turnover_try,min_avg_turnover_20d_try,above_ma20,max_rsi_14,max_return_5d_pct,max_return_10d_pct,strong_close",,36.94466095089635,,-10.054559625876857,30.99801885135125,0.001,
2024-01-01,A1YEN,skipped,0,0,,missing cached OHLCV,,,,,0.001,missing cached OHLCV
2024-01-01,ACSEL,skipped,0,0,,missing cached OHLCV,,,,,0.001,missing cached OHLCV
2024-01-01,ADEL,completed,1,1,"volume_spike_strict,min_last_turnover_try,min_avg_turnover_20d_try,above_ma20,max_rsi_14,max_return_5d_pct,max_return_10d_pct,strong_close",,70.89041095890411,17.465753424657528,12.109701150797036,77.74506868402271,0.002,
2024-01-01,ADESE,skipped,0,0,,missing cached OHLCV,,,,,0.002,missing cached OHLCV
2024-01-01,ADGYO,completed,1,1,"volume_spike_strict,min_last_turnover_try,min_avg_turnover_20d_try,above_ma20,max_rsi_14,max_return_5d_pct,max_return_10d_pct,strong_close",,-7.242851270759232,-21.66768345503093,88.67923954110654,86.16779574791178,0.002,
2024-01-01,AEFES,completed,1,1,"volume_spike_strict,min_last_turnover_try,min_avg_turnover_20d_try,above_ma20,max_rsi_14,max_return_5d_pct,max_return_10d_pct,strong_close",,46.219576185432196,31.755415400695885,34.516756442027855,64.78661011111599,0.003,
2024-01-01,AFYON,completed,1,1,"volume_spike_strict,min_last_turnover_try,min_avg_turnover_20d_try,above_ma20,max_rsi_14,max_return_5d_pct,max_return_10d_pct,strong_close",,-8.881118881118887,3.076923076923066,-4.125874125874129,32.449990459299016,0.003,
2024-01-01,AGESA,completed,1,1,"volume_spike_strict,min_last_turnover_try,min_avg_turnover_20d_try,above_ma20,max_rsi_14,max_return_5d_pct,max_return_10d_pct,strong_close",,21.835174171622775,25.743415463041618,110.70518266779948,59.89361408514695,0.004,
2024-01-01,AGHOL,completed,1,1,"volume_spike_strict,min_last_turnover_try,min_avg_turnover_20d_try,above_ma20,max_rsi_14,max_return_5d_pct,max_return_10d_pct,strong_close",,43.08442935935513,55.600339414509946,48.748408994484514,74.21282408510609,0.005,
2024-01-01,AGROT,skipped,0,0,,missing cached OHLCV,,,,,0.006,missing cached OHLCV
2024-01-01,AGYO,completed,1,1,"volume_spike_strict,min_last_turnover_try,min_avg_turnover_20d_try,above_ma20,max_rsi_14,max_return_5d_pct,max_return_10d_pct,strong_close",,-9.316154608523286,-29.137760158572846,-4.063429137760155,63.78836603004072,0.006,
2024-01-01,AHGAZ,completed,1,1,"volume_spike_strict,min_last_turnover_try,min_avg_turnover_20d_try,above_ma20,max_rsi_14,max_return_5d_pct,max_return_10d_pct,strong_close",,-0.46143704680290387,33.15754779169413,84.83849703361899,39.83981595638804,0.007,
2024-01-01,AHSGY,completed,1,1,"volume_spike_strict,min_last_turnover_try,min_avg_turnover_20d_try,above_ma20,max_rsi_14,max_return_5d_pct,max_return_10d_pct,strong_close",,154.24107142857144,263.3932205360777,270.99144242001387,41.531674590795475,0.007,
2024-01-01,AKBNK,completed,1,1,"volume_spike_strict,min_last_turnover_try,min_avg_turnover_20d_try,above_ma20,max_rsi_14,max_return_5d_pct,max_return_10d_pct,strong_close",,38.09946629441683,41.09679970921849,67.07370854632086,64.78661011111599,0.008,
2024-01-01,AKCNS,completed,1,1,"volume_spike_strict,min_last_turnover_try,min_avg_turnover_20d_try,above_ma20,max_rsi_14,max_return_5d_pct,max_return_10d_pct,strong_close",,10.294117647058831,-6.372549019607831,24.816176470588246,63.995048351519145,0.009,
2024-01-01,AKENR,completed,1,1,"volume_spike_strict,min_last_turnover_try,min_avg_turnover_20d_try,above_ma20,max_rsi_14,max_return_5d_pct,max_return_10d_pct,strong_close",,282.50000000000006,126.42857142857142,114.64285714285714,62.83311512922243,0.009,
2024-01-01,AKFGY,skipped,0,0,,missing cached OHLCV,,,,,0.009,missing cached OHLCV
2024-01-01,AKFIS,completed,1,1,"volume_spike_strict,min_last_turnover_try,min_avg_turnover_20d_try,above_ma20,max_rsi_14,max_return_5d_pct,max_return_10d_pct,strong_close",,,,99.71367215461702,5.044527975563673,0.01,
2024-01-01,AKFYE,completed,1,1,"volume_spike_strict,min_last_turnover_try,min_avg_turnover_20d_try,above_ma20,max_rsi_14,max_return_5d_pct,max_return_10d_pct,strong_close",,7.785032646911105,,18.03114013058764,9.173054510242773,0.01,
2024-01-01,AKGRT,skipped,0,0,,missing cached OHLCV,,,,,0.01,missing cached OHLCV
2024-01-01,AKMGY,skipped,0,0,,missing cached OHLCV,,,,,0.011,missing cached OHLCV
2024-01-01,AKSA,skipped,0,0,,missing cached OHLCV,,,,,0.011,missing cached OHLCV
2024-01-01,AKSEN,completed,1,1,"volume_spike_strict,min_last_turnover_try,min_avg_turnover_20d_try,above_ma20,max_rsi_14,max_return_5d_pct,max_return_10d_pct,strong_close",,15.69506765558215,-0.2989511783495602,115.99402630777345,62.83311512922243,0.011,
2024-01-01,AKSGY,completed,1,1,"volume_spike_strict,min_last_turnover_try,min_avg_turnover_20d_try,above_ma20,max_rsi_14,max_return_5d_pct,max_return_10d_pct,strong_close",,-9.38375350140056,2.3809523809523725,31.23249299719888,42.365594040222064,0.012,
2024-01-01,AKSUE,completed,1,1,"volume_spike_strict,min_last_turnover_try,min_avg_turnover_20d_try,above_ma20,max_rsi_14,max_return_5d_pct,max_return_10d_pct,strong_close",,6.618705035971217,-10.647482014388487,176.40287769784175,77.74506868402271,0.016,
2024-01-01,AKYHO,completed,1,1,"volume_spike_strict,min_last_turnover_try,min_avg_turnover_20d_try,above_ma20,max_rsi_14,max_return_5d_pct,max_return_10d_pct,strong_close",,-11.714285714285722,-4.285714285714281,-20.000000000000007,55.94871784252986,0.016,
2024-01-01,ALARK,completed,1,1,"volume_spike_strict,min_last_turnover_try,min_avg_turnover_20d_try,above_ma20,max_rsi_14,max_return_5d_pct,max_return_10d_pct,strong_close",,-24.925521350546187,-17.328699106256206,-1.5392254220456758,55.936447924733,0.017,
2024-01-01,ALBRK,completed,1,1,"volume_spike_strict,min_last_turnover_try,min_avg_turnover_20d_try,above_ma20,max_rsi_14,max_return_5d_pct,max_return_10d_pct,strong_close",,2.0134228187919545,13.25503355704698,50.16778523489931,38.2496959684266,0.018,
2024-01-01,ALCAR,completed,1,1,"volume_spike_strict,min_last_turnover_try,min_avg_turnover_20d_try,above_ma20,max_rsi_14,max_return_5d_pct,max_return_10d_pct,strong_close",,-23.19148936170212,,-14.04255319148936,18.158078049056,0.018,
2024-01-01,ALCTL,completed,1,1,"volume_spike_strict,min_last_turnover_try,min_avg_turnover_20d_try,above_ma20,max_rsi_14,max_return_5d_pct,max_return_10d_pct,strong_close",,-10.166666666666668,12.833333333333341,8.333333333333325,32.491349115736234,0.019,
2024-01-01,ALFAS,skipped,0,0,,missing cached OHLCV,,,,,0.019,missing cached OHLCV
2024-01-01,ALGYO,completed,1,1,"volume_spike_strict,min_last_turnover_try,min_avg_turnover_20d_try,above_ma20,max_rsi_14,max_return_5d_pct,max_return_10d_pct,strong_close",,,,29.26391382405744,18.62044905612532,0.019,
2024-01-01,ALKA,completed,1,1,"volume_spike_strict,min_last_turnover_try,min_avg_turnover_20d_try,above_ma20,max_rsi_14,max_return_5d_pct,max_return_10d_pct,strong_close",,-6.020066889632103,-15.518394648829425,54.78260869565219,77.27730243937494,0.02,
2024-01-01,ALKIM,completed,1,1,"volume_spike_strict,min_last_turnover_try,min_avg_turnover_20d_try,above_ma20,max_rsi_14,max_return_5d_pct,max_return_10d_pct,strong_close",,-7.320795627859688,-18.6578546009151,3.9145907473309594,74.21282408510609,0.021,
2024-01-01,ALKLC,skipped,0,0,,missing cached OHLCV,,,,,0.021,missing cached OHLCV
2024-01-01,ALTNY,skipped,0,0,,missing cached OHLCV,,,,,0.021,missing cached OHLCV
2024-01-01,ALVES,completed,1,1,"volume_spike_strict,min_last_turnover_try,min_avg_turnover_20d_try,above_ma20,max_rsi_14,max_return_5d_pct,max_return_10d_pct,strong_close",,-8.209806157354615,-20.068415051311295,-2.793614595210947,61.842857388449076,0.022,
2024-01-01,ANELE,completed,1,1,"volume_spike_strict,min_last_turnover_try,min_avg_turnover_20d_try,above_ma20,max_rsi_14,max_return_5d_pct,max_return_10d_pct,strong_close",,3.128834355828203,-7.9754601226993955,239.57055214723928,60.34688874245644,0.023,
2024-01-01,ANGEN,completed,1,1,"volume_spike_strict,min_last_turnover_try,min_avg_turnover_20d_try,above_ma20,max_rsi_14,max_return_5d_pct,max_return_10d_pct,strong_close",,7.4544012688342765,1.8239492466296525,6.026962727993657,49.15730058919641,0.023,
2024-01-01,ANHYT,completed,1,1,"volume_spike_strict,min_last_turnover_try,min_avg_turnover_20d_try,above_ma20,max_rsi_14,max_return_5d_pct,max_return_10d_pct,strong_close",,19.832234871180354,38.4062312762133,39.36488915518272,45.30597636926306,0.024,
2024-01-01,ANSGR,completed,1,1,"volume_spike_strict,min_last_turnover_try,min_avg_turnover_20d_try,above_ma20,max_rsi_14,max_return_5d_pct,max_return_10d_pct,strong_close",,43.994695261969355,4.180493807046948,63.18514036324194,64.78661011111599,0.024,
2024-01-01,ARASE,completed,1,1,"volume_spike_strict,min_last_turnover_try,min_avg_turnover_20d_try,above_ma20,max_rsi_14,max_return_5d_pct,max_return_10d_pct,strong_close",,14.781746031746046,24.10714285714286,115.27777777777777,58.21745715960347,0.025,
2024-01-01,ARCLK,completed,1,1,"volume_spike_strict,min_last_turnover_try,min_avg_turnover_20d_try,above_ma20,max_rsi_14,max_return_5d_pct,max_return_10d_pct,strong_close",,-31.079664570230612,-32.8616352201258,-40.146750524109024,38.29831188219717,0.026,
2024-01-01,ARDYZ,completed,1,1,"volume_spike_strict,min_last_turnover_try,min_avg_turnover_20d_try,above_ma20,max_rsi_14,max_return_5d_pct,max_return_10d_pct,strong_close",,52.74949083503056,70.40054310930076,94.33129667345553,38.98895481346831,0.027,
2024-01-01,ARENA,completed,1,1,"volume_spike_strict,min_last_turnover_try,min_avg_turnover_20d_try,above_ma20,max_rsi_14,max_return_5d_pct,max_return_10d_pct,strong_close",,22.561304562362274,20.817435400069883,-7.08447119660841,87.90520535336319,0.027,
2024-01-01,ARMGD,skipped,0,0,,missing cached OHLCV,,,,,0.027,missing cached OHLCV
2024-01-01,ARSAN,completed,1,1,"volume_spike_strict,min_last_turnover_try,min_avg_turnover_20d_try,above_ma20,max_rsi_14,max_return_5d_pct,max_return_10d_pct,strong_close",,-5.727699612578608,17.742133632879042,57.798735796642006,61.842857388449076,0.028,
2024-01-01,ARTMS,completed,1,1,"volume_spike_strict,min_last_turnover_try,min_avg_turnover_20d_try,above_ma20,max_rsi_14,max_return_5d_pct,max_return_10d_pct,strong_close",,-49.436501261564345,-53.30529857022708,-26.560134566862914,52.14413777429863,0.028,
2024-01-01,ARZUM,completed,1,1,"volume_spike_strict,min_last_turnover_try,min_avg_turnover_20d_try,above_ma20,max_rsi_14,max_return_5d_pct,max_return_10d_pct,strong_close",,-8.202576366126813,-19.245279961831972,-17.83643804016839,38.2496959684266,0.029,
2024-01-01,ASELS,completed,1,1,"volume_spike_strict,min_last_turnover_try,min_avg_turnover_20d_try,above_ma20,max_rsi_14,max_return_5d_pct,max_return_10d_pct,strong_close",,46.96721311475412,121.80327868852463,602.4590163934425,72.84206322886986,0.032,
2024-01-01,ASGYO,skipped,0,0,,missing cached OHLCV,,,,,0.032,missing cached OHLCV
2024-01-01,ASTOR,skipped,0,0,,missing cached OHLCV,,,,,0.032,missing cached OHLCV
2024-01-01,ASUZU,completed,1,1,"volume_spike_strict,min_last_turnover_try,min_avg_turnover_20d_try,above_ma20,max_rsi_14,max_return_5d_pct,max_return_10d_pct,strong_close",,5.1597051597051635,-10.974610974610965,16.298116298116305,55.793226565829144,0.033,
2024-01-01,ATAGY,skipped,0,0,,missing cached OHLCV,,,,,0.033,missing cached OHLCV
2024-01-01,ATAKP,completed,1,1,"volume_spike_strict,min_last_turnover_try,min_avg_turnover_20d_try,above_ma20,max_rsi_14,max_return_5d_pct,max_return_10d_pct,strong_close",,-8.311688311688304,,-7.705627705627716,21.768665687407097,0.033,
2024-01-01,ATATP,completed,1,1,"volume_spike_strict,min_last_turnover_try,min_avg_turnover_20d_try,above_ma20,max_rsi_14,max_return_5d_pct,max_return_10d_pct,strong_close",,-10.35077630822312,,-5.692926969522716,38.1398966058964,0.034,
2024-01-01,AVGYO,skipped,0,0,,missing cached OHLCV,,,,,0.034,missing cached OHLCV
2024-01-01,AVHOL,completed,1,1,"volume_spike_strict,min_last_turnover_try,min_avg_turnover_20d_try,above_ma20,max_rsi_14,max_return_5d_pct,max_return_10d_pct,strong_close",,-27.16518800168991,-26.23574144486692,-13.983945923109431,56.17023895078697,0.035,
2024-01-01,AVOD,completed,1,1,"volume_spike_strict,min_last_turnover_try,min_avg_turnover_20d_try,above_ma20,max_rsi_14,max_return_5d_pct,max_return_10d_pct,strong_close",,-18.765432098765423,-32.34567901234568,23.950617283950603,46.68678629372318,0.035,
2024-01-01,AVPGY,completed,1,1,"volume_spike_strict,min_last_turnover_try,min_avg_turnover_20d_try,above_ma20,max_rsi_14,max_return_5d_pct,max_return_10d_pct,strong_close",,-5.665469874100704,-4.406474820143869,43.5476618705036,48.27442283063761,0.036,
2024-01-01,AVTUR,completed,1,1,"volume_spike_strict,min_last_turnover_try,min_avg_turnover_20d_try,above_ma20,max_rsi_14,max_return_5d_pct,max_return_10d_pct,strong_close",,28.912466843501328,-8.222811671087527,66.7550839964633,62.83311512922243,0.036,
2024-01-01,AYCES,skipped,0,0,,missing cached OHLCV,,,,,0.036,missing cached OHLCV
2024-01-01,AYDEM,completed,1,1,"volume_spike_strict,min_last_turnover_try,min_avg_turnover_20d_try,above_ma20,max_rsi_14,max_return_5d_pct,max_return_10d_pct,strong_close",,9.15197313182199,,16.960537363560025,30.99801885135125,0.037,
2024-01-01,AYEN,completed,1,1,"volume_spike_strict,min_last_turnover_try,min_avg_turnover_20d_try,above_ma20,max_rsi_14,max_return_5d_pct,max_return_10d_pct,strong_close",,19.84352347640388,6.116639185041284,28.520621318612328,77.27730243937494,0.038,
2024-01-01,AYGAZ,completed,1,1,"volume_spike_strict,min_last_turnover_try,min_avg_turnover_20d_try,above_ma20,max_rsi_14,max_return_5d_pct,max_return_10d_pct,strong_close",,-21.991447770311535,3.11545510079414,75.32070861331705,42.365594040222064,0.038,
2024-01-01,AZTEK,skipped,0,0,,missing cached OHLCV,,,,,0.039,missing cached OHLCV
2024-01-01,BAGFS,completed,1,1,"volume_spike_strict,min_last_turnover_try,min_avg_turnover_20d_try,above_ma20,max_rsi_14,max_return_5d_pct,max_return_10d_pct,strong_close",,,,19.79933110367893,8.847624959442225,0.039,
2024-01-01,BAHKM,completed,1,1,"volume_spike_strict,min_last_turnover_try,min_avg_turnover_20d_try,above_ma20,max_rsi_14,max_return_5d_pct,max_return_10d_pct,strong_close",,140.63324538258576,,109.49868073878628,37.18597816157592,0.04,
2024-01-01,BAKAB,completed,1,1,"volume_spike_strict,min_last_turnover_try,min_avg_turnover_20d_try,above_ma20,max_rsi_14,max_return_5d_pct,max_return_10d_pct,strong_close",,-3.957783641160939,,-0.8795074758135457,14.30738572031338,0.04,
2024-01-01,BALSU,completed,1,1,"volume_spike_strict,min_last_turnover_try,min_avg_turnover_20d_try,above_ma20,max_rsi_14,max_return_5d_pct,max_return_10d_pct,strong_close",,,,-6.482064191315295,3.2541971342061604,0.041,
2024-01-01,BANVT,completed,1,1,"volume_spike_strict,min_last_turnover_try,min_avg_turnover_20d_try,above_ma20,max_rsi_14,max_return_5d_pct,max_return_10d_pct,strong_close",,-30.07425742574258,-29.331683168316825,-32.17821782178218,38.82677908489987,0.042,
2024-01-01,BARMA,completed,1,1,"volume_spike_strict,min_last_turnover_try,min_avg_turnover_20d_try,above_ma20,max_rsi_14,max_return_5d_pct,max_return_10d_pct,strong_close",,-10.289986449484879,-19.22356965498455,178.297487291744,46.708074050193375,0.043,
2024-01-01,BASGZ,completed,1,1,"volume_spike_strict,min_last_turnover_try,min_avg_turnover_20d_try,above_ma20,max_rsi_14,max_return_5d_pct,max_return_10d_pct,strong_close",,64.09186325678495,29.958246346555306,153.23590814196245,88.36081912887018,0.043,
2024-01-01,BAYRK,completed,1,1,"volume_spike_strict,min_last_turnover_try,min_avg_turnover_20d_try,above_ma20,max_rsi_14,max_return_5d_pct,max_return_10d_pct,strong_close",,-60.71706905084964,-71.51987621447103,-64.86970289790794,51.908300722412704,0.044,
2024-01-01,BEGYO,completed,1,1,"volume_spike_strict,min_last_turnover_try,min_avg_turnover_20d_try,above_ma20,max_rsi_14,max_return_5d_pct,max_return_10d_pct,strong_close",,144.47174447174444,161.42506142506141,13.267813267813278,57.725900507754545,0.047,
2024-01-01,BERA,completed,1,1,"volume_spike_strict,min_last_turnover_try,min_avg_turnover_20d_try,above_ma20,max_rsi_14,max_return_5d_pct,max_return_10d_pct,strong_close",,,,-16.58767772511848,8.846917052429548,0.047,
2024-01-01,BESLR,completed,1,1,"volume_spike_strict,min_last_turnover_try,min_avg_turnover_20d_try,above_ma20,max_rsi_14,max_return_5d_pct,max_return_10d_pct,strong_close",,10.747663551401864,7.554517133956384,23.28660436137071,62.83311512922243,0.048,
2024-01-01,BEYAZ,completed,1,1,"volume_spike_strict,min_last_turnover_try,min_avg_turnover_20d_try,above_ma20,max_rsi_14,max_return_5d_pct,max_return_10d_pct,strong_close",,39.76234642423886,17.550275025149674,39.031084964857634,74.21282408510609,0.049,
2024-01-01,BFREN,skipped,0,0,,missing cached OHLCV,,,,,0.049,missing cached OHLCV
2024-01-01,BIENY,completed,1,1,"volume_spike_strict,min_last_turnover_try,min_avg_turnover_20d_try,above_ma20,max_rsi_14,max_return_5d_pct,max_return_10d_pct,strong_close",,-51.15483319076133,-50.68434559452524,-46.32164242942686,34.69287201241891,0.049,
2024-01-01,BIGCH,completed,1,1,"volume_spike_strict,min_last_turnover_try,min_avg_turnover_20d_try,above_ma20,max_rsi_14,max_return_5d_pct,max_return_10d_pct,strong_close",,-5.610557940942506,-7.524749423259058,21.28713271574696,68.37678392936984,0.05,
2024-01-01,BIGEN,completed,1,1,"volume_spike_strict,min_last_turnover_try,min_avg_turnover_20d_try,above_ma20,max_rsi_14,max_return_5d_pct,max_return_10d_pct,strong_close",,,,124.72527472527473,9.173054510242773,0.05,
2024-01-01,BIGTK,completed,1,1,"volume_spike_strict,min_last_turnover_try,min_avg_turnover_20d_try,above_ma20,max_rsi_14,max_return_5d_pct,max_return_10d_pct,strong_close",,152.6845469198088,169.91050850312064,137.69574412313773,62.83311512922243,0.051,
2024-01-01,BIMAS,skipped,0,0,,missing cached OHLCV,,,,,0.051,missing cached OHLCV
2024-01-01,BINBN,completed,1,1,"volume_spike_strict,min_last_turnover_try,min_avg_turnover_20d_try,above_ma20,max_rsi_14,max_return_5d_pct,max_return_10d_pct,strong_close",,-5.415499533146595,-24.976657329598506,-16.900093370681603,62.32685756653855,0.052,
2024-01-01,BINHO,skipped,0,0,,missing cached OHLCV,,,,,0.052,missing cached OHLCV
2024-01-01,BIOEN,completed,1,1,"volume_spike_strict,min_last_turnover_try,min_avg_turnover_20d_try,above_ma20,max_rsi_14,max_return_5d_pct,max_return_10d_pct,strong_close",,9.905660377358494,-10.047169811320755,-3.6792452830188616,45.30597636926306,0.052,
2024-01-01,BIZIM,completed,1,1,"volume_spike_strict,min_last_turnover_try,min_avg_turnover_20d_try,above_ma20,max_rsi_14,max_return_5d_pct,max_return_10d_pct,strong_close",,-29.432987871984228,-30.87628687825481,-13.969069947656433,49.15730058919641,0.053,
2024-01-01,BJKAS,skipped,0,0,,missing cached OHLCV,,,,,0.053,missing cached OHLCV
2024-01-01,BLCYT,skipped,0,0,,missing cached OHLCV,,,,,0.053,missing cached OHLCV
2024-01-01,BLUME,completed,1,1,"volume_spike_strict,min_last_turnover_try,min_avg_turnover_20d_try,above_ma20,max_rsi_14,max_return_5d_pct,max_return_10d_pct,strong_close",,65.34883720930233,61.51162790697675,393.2558139534884,86.16779574791178,0.054,
2024-01-01,BMSCH,completed,1,1,"volume_spike_strict,min_last_turnover_try,min_avg_turnover_20d_try,above_ma20,max_rsi_14,max_return_5d_pct,max_return_10d_pct,strong_close",,12.578124999999996,42.89178328945545,103.62079118747403,70.00158008193856,0.054,
2024-01-01,BMSTL,skipped,0,0,,missing cached OHLCV,,,,,0.054,missing cached OHLCV
2024-01-01,BNTAS,completed,1,1,"volume_spike_strict,min_last_turnover_try,min_avg_turnover_20d_try,above_ma20,max_rsi_14,max_return_5d_pct,max_return_10d_pct,strong_close",,-25.11664067992082,-5.987558257541159,-1.3364317700783612,39.83981595638804,0.055,
